URL;Name;Land;Traeger;Promotionsrecht;Gruendung;Studierende;AS;WikiUrl;Stand
http://www.fh-aachen.de/;FH Aachen (FHA);NW;staatlich;nein;1971;13671;AS680;/wiki/FH_Aachen;2016/17 (WS)
http://www.rwth-aachen.de/;RWTH Aachen (RWTH);NW;staatlich;ja;1870;44517;AS47610;/wiki/RWTH_Aachen;2016/17 (WS)
http://www.hs-aalen.de/;Hochschule Aalen (HAA);BW;staatlich;nein;1962;4970;AS553;/wiki/Hochschule_Aalen;2012/13 (WS)
http://www.hs-albsig.de/;Hochschule Albstadt-Sigmaringen (HAS);BW;staatlich;nein;1971;2925;AS553;/wiki/Hochschule_Albstadt-Sigmaringen;2012/13 (WS)
http://www.alanus.edu/;Alanus Hochschule für Kunst und Gesellschaft (AHKG);NW;privat;ja;2002;914;AS12581;/wiki/Alanus_Hochschule_f%C3%BCr_Kunst_und_Gesellschaft;2012/13 (WS)
http://www.allensbach-hochschule.de/;Allensbach Hochschule (ABHS);BW;privat;nein;1996;269;AS8495;/wiki/Allensbach_Hochschule;2014/15 (WS)
http://www.fhvd.de/;Fachhochschule für Verwaltung und Dienstleistung (FVD);SH;staatlich;nein;1975;807;AS8560;/wiki/Fachhochschule_f%C3%BCr_Verwaltung_und_Dienstleistung;2012/13 (WS)
http://www.oth-aw.de/;Ostbayerische Technische Hochschule Amberg-Weiden (OTH Amberg-Weiden);BY;staatlich;nein;1994;3500;AS680;/wiki/Ostbayerische_Technische_Hochschule_Amberg-Weiden;2015/16 (WS)
http://www.hs-ansbach.de/;Hochschule Ansbach (HAH);BY;staatlich;nein;1996;3100;AS24940;/wiki/Hochschule_Ansbach;2015/16 (WS)
http://www.h-ab.de/;Hochschule Aschaffenburg (HAB);BY;staatlich;nein;1995;2867;AS680;/wiki/Hochschule_Aschaffenburg;2012/13 (WS)
http://fh-polizei.sachsen-anhalt.de/;Fachhochschule Polizei Sachsen-Anhalt (FPS);ST;staatlich;nein;1997;316;AS21413;/wiki/Fachhochschule_Polizei_Sachsen-Anhalt;2012/13 (WS)
http://www.hs-augsburg.de/;Hochschule Augsburg (HSA);BY;staatlich;nein;1971;5895;AS680;/wiki/Hochschule_Augsburg;2015/16 (WS)
http://www.uni-augsburg.de/;Universität Augsburg (UAB);BY;staatlich;ja;1970;20457;AS680;/wiki/Universit%C3%A4t_Augsburg;2015/16 (WS)
http://hdbw-hochschule.de/;Hochschule der Bayerischen Wirtschaft (HDBW);BY;privat;nein;2012;147;AS8767;/wiki/Hochschule_der_Bayerischen_Wirtschaft;2015/16 (WS)
http://www.dguv.de/;Hochschule der Deutschen Gesetzlichen Unfallversicherung (HGU);HE;privat;nein;1996;151;AS56532;/wiki/Hochschule_der_Deutschen_Gesetzlichen_Unfallversicherung;2012/13 (WS)
http://www.accadis.com/;accadis Hochschule Bad Homburg (AHBH);HE;privat;nein;1990;553;AS200062;/wiki/Accadis_Hochschule_Bad_Homburg;2012/13 (WS)
http://www.iubh.de/;Internationale Hochschule Bad Honnef Bonn (IHBH);NW;privat;nein;1998;7724;AS20773;/wiki/Internationale_Hochschule_Bad_Honnef_Bonn;2015/16 (WS)
http://www.fhr.nrw.de/;Fachhochschule für Rechtspflege Nordrhein-Westfalen (FFR);NW;staatlich;nein;1976;685;AS43066;/wiki/Fachhochschule_f%C3%BCr_Rechtspflege_Nordrhein-Westfalen;2012/13 (WS)
http://diploma.de/;Diploma Hochschule (DPHS);HE;privat;nein;1994;3499;AS15598;/wiki/Diploma_Hochschule;2012/13 (WS)
http://www.uni-bamberg.de/;Otto-Friedrich-Universität Bamberg (OFU);BY;staatlich;ja;1647/1972;12023;AS680;/wiki/Otto-Friedrich-Universit%C3%A4t_Bamberg;2012/13 (WS)
http://www.hfk-bayreuth.de/;Hochschule für evangelische Kirchenmusik Bayreuth (HEKM);BY;konfessionell;nein;2000;25;AS8741;/wiki/Hochschule_f%C3%BCr_evangelische_Kirchenmusik_Bayreuth;2012/13 (WS)
http://www.uni-bayreuth.de/;Universität Bayreuth (UBT);BY;staatlich;ja;1975;11348;AS680;/wiki/Universit%C3%A4t_Bayreuth;2012/13 (WS)
http://www.akkon-hochschule.de/;Akkon-Hochschule für Humanwissenschaften (AHFH);BE;privat;nein;2009;320;AS8495;/wiki/Akkon-Hochschule_f%C3%BCr_Humanwissenschaften;2014/15 (WS)
http://www.ash-berlin.eu/;Alice Salomon Hochschule Berlin (ASH);BE;staatlich;nein;1908;3051;AS680;/wiki/Alice_Salomon_Hochschule_Berlin;2012/13 (WS)
http://www.berlin.bard.edu/;Bard College Berlin, A Liberal Arts University (BCB);BE;privat;nein;1999;100;AS6724;/wiki/Bard_College_Berlin;2014/15 (WS)
http://www.bauinternational-berlin.de/;BAU International Berlin;BE;privat;nein;2014;109;AS16509;/wiki/BAU_International_Berlin;2016/17 (WS)
http://www.bbw-hochschule.de/;bbw Hochschule (BBWH);BE;privat;nein;2007;1045;AS8560;/wiki/Bbw_Hochschule;2012/13 (WS)
http://www.btk-fh.de/;BTK - Hochschule für Gestaltung (BTKB);BE;privat;nein;2006;368;AS24940;/wiki/Berliner_Technische_Kunsthochschule;2012/13 (WS)
http://www.businessschool-berlin.de/;BSP Business School Berlin (BBSB);BE;privat;nein;2009;346;AS12586;/wiki/BSP_Business_School_Berlin_Potsdam;2012/13 (WS)
http://www.beuth-hochschule.de/;Beuth Hochschule für Technik Berlin;BE;staatlich;nein;1823;12519;AS680;/wiki/Beuth_Hochschule_f%C3%BCr_Technik_Berlin;2014/15 (WS)
http://www.dekra-hochschule-berlin.de/;Dekra Hochschule Berlin (DHSB);BE;privat;nein;1997;332;AS15598;/wiki/Dekra_Hochschule_Berlin;2012/13 (WS)
http://www.design-akademie-berlin.de/;design akademie berlin, Hochschule für Kommunikation und Design (FHDA);BE;privat;nein;2007;295;AS20773;/wiki/Design_akademie_berlin;2012/13 (WS)
http://www.dffb.de/;Deutsche Film- und Fernsehakademie Berlin (DFF);BE;staatlich;nein;1966;34;AS15366;/wiki/Deutsche_Film-_und_Fernsehakademie_Berlin;2011
http://www.duw-berlin.de/;Deutsche Universität für Weiterbildung (DUFW);BE;privat;nein;2008;212;AS15817;/wiki/Deutsche_Universit%C3%A4t_f%C3%BCr_Weiterbildung;2012/13 (WS)
http://www.escpeurope.eu/;ESCP Europe Wirtschaftshochschule Berlin;BE;privat;ja;1973;173;AS29199;/wiki/ESCP_Europe;2012/13 (WS)
http://www.esmod.de/;ESMOD Internationale Kunsthochschule für Mode (IKHM);BE;privat;ja;2011;155;AS8560;/wiki/ESMOD_Internationale_Kunsthochschule_f%C3%BCr_Mode;2012/13 (WS)
http://de.esmt.org/;ESMT European School of Management and Technology (ESMT);BE;privat;ja;2002;233;AS680;/wiki/European_School_of_Management_and_Technology;2013/14 (WS)
http://www.eh-berlin.de/;Evangelische Hochschule Berlin (EHSB);BE;konfessionell;nein;1903;1372;AS28748;/wiki/Evangelische_Hochschule_Berlin;2012/13 (WS)
http://www.hdpk.de/;Hochschule der populären Künste (FHPK);BE;privat;nein;2009;269;AS8075;/wiki/Hochschule_der_popul%C3%A4ren_K%C3%BCnste;2012/13 (WS)
http://www.hmkw.de/;Hochschule für Medien, Kommunikation und Wirtschaft (HMKW);BE;privat;nein;2008;334;AS34788;/wiki/Hochschule_f%C3%BCr_Medien,_Kommunikation_und_Wirtschaft;2012/13 (WS)
http://www.htw-berlin.de/;Hochschule für Technik und Wirtschaft Berlin (HTW);BE;staatlich;nein;1994;13355;AS680;/wiki/Hochschule_f%C3%BCr_Technik_und_Wirtschaft_Berlin;2014/15 (WS)
http://www.hwtk.de/;Hochschule für Wirtschaft, Technik und Kultur Berlin (HWTK);BE;privat;nein;2011;106;AS38927;/wiki/Hochschule_f%C3%BCr_Wirtschaft,_Technik_und_Kultur;2012/13 (WS)
http://www.hwr-berlin.de/;Hochschule für Wirtschaft und Recht Berlin (HWR);BE;staatlich;nein;1971;9714;AS680;/wiki/Hochschule_f%C3%BCr_Wirtschaft_und_Recht_Berlin;2012/13 (WS)
http://www.fu-berlin.de/;Freie Universität Berlin (FUB);BE;staatlich;ja;1948;33;AS680;/wiki/Freie_Universit%C3%A4t_Berlin;2015 (SS)
http://www.go-bs.de/;German open Business School (GOBS);BE;privat;nein;2011;444;AS3320;/wiki/German_open_Business_School;2012/13 (WS)
http://www.hertie-school.org/;Hertie School of Governance (HSOG);BE;privat;ja;2003;293;AS20773;/wiki/Hertie_School_of_Governance;2012/13 (WS)
http://www.my-campus-berlin.com/;H:G Hochschule für Gesundheit und Sport (HSGS);BE;privat;nein;2007;888;AS24940;/wiki/Hochschule_f%C3%BCr_Gesundheit_und_Sport;2012/13 (WS)
http://www.hfm-berlin.de/;Hochschule für Musik „Hanns Eisler“ Berlin (HMB);BE;staatlich;nein;1950;488;AS61157;/wiki/Hochschule_f%C3%BCr_Musik_%E2%80%9EHanns_Eisler%E2%80%9C_Berlin;2012/13 (WS)
http://www.hfs-berlin.de/;Hochschule für Schauspielkunst „Ernst Busch“ Berlin (HSB);BE;staatlich;nein;1951;221;AS29670;/wiki/Hochschule_f%C3%BCr_Schauspielkunst_%E2%80%9EErnst_Busch%E2%80%9C_Berlin;2012/13 (WS)
http://www.hu-berlin.de/;Humboldt-Universität zu Berlin (HUB);BE;staatlich;ja;1810;33540;AS680;/wiki/Humboldt-Universit%C3%A4t_zu_Berlin;2014/15 (WS)
http://www.ib-hochschule.de/;IB-Hochschule Berlin (IBHB);BE;privat;nein;2007;518;AS20677;/wiki/IB-Hochschule_Berlin;2012/13 (WS)
http://www.ipu-berlin.de/;International Psychoanalytic University Berlin (IPUB);BE;privat;nein;2009;395;AS20773;/wiki/International_Psychoanalytic_University_Berlin;2012/13 (WS)
http://www.khsb-berlin.de/;Katholische Hochschule für Sozialwesen Berlin (KHSW);BE;konfessionell;nein;1991;1416;AS43503;/wiki/Katholische_Hochschule_f%C3%BCr_Sozialwesen_Berlin;2012/13 (WS)
http://www.kh-berlin.de/;Kunsthochschule Berlin-Weißensee (KHB);BE;staatlich;nein;1946;802;AS20773;/wiki/Kunsthochschule_Berlin-Wei%C3%9Fensee;2012/13 (WS)
http://www.mediadesign.de/;Mediadesign Hochschule (MDHB);BE;privat;nein;2004;1279;AS48918;/wiki/Mediadesign_Hochschule;2012/13 (WS)
http://www.psychologische-hochschule.de/;Psychologische Hochschule Berlin (PHSB);BE;privat;nein;2010;53;AS8560;/wiki/Psychologische_Hochschule_Berlin;2012/13 (WS)
http://www.srh-hochschule-berlin.de/;SRH Hochschule Berlin (SRHB);BE;privat;nein;2002;518;AS8075;/wiki/SRH_Hochschule_Berlin;2012/13 (WS)
http://www.steinbeis-hochschule.de/;Steinbeis-Hochschule Berlin (SBHB);BE;privat;ja;1998;5663;AS48918;/wiki/Steinbeis-Hochschule_Berlin;2012/13 (WS)
http://www.tu-berlin.de/;Technische Universität Berlin (TUB);BE;staatlich;ja;1770;32508;AS680;/wiki/Technische_Universit%C3%A4t_Berlin;2016 (SS)
http://www.touroberlin.com/;Touro College Berlin;BE;privat;nein;2003;122;AS20773;/wiki/Touro_College_Berlin;2012/13 (WS)
http://www.udk-berlin.de/;Universität der Künste Berlin;BE;staatlich;ja;1696;3447;AS680;/wiki/Universit%C3%A4t_der_K%C3%BCnste_Berlin;2012/13 (WS)
http://www.quadriga-hochschule.com/;Quadriga Hochschule Berlin;BE;privat;nein;2009;75;AS24940;/wiki/Quadriga_Hochschule_Berlin;2012/13 (WS)
http://www.hs-anhalt.de/;Hochschule Anhalt;ST;staatlich;nein;1991;4761;AS680;/wiki/Hochschule_Anhalt;2012/13 (WS)
http://www.hochschule-biberach.de/;Hochschule Biberach;BW;staatlich;nein;1964;2370;AS553;/wiki/Hochschule_Biberach;2012/13 (WS)
http://www.fh-bielefeld.de/;Fachhochschule Bielefeld;NW;staatlich;nein;1971;8633;AS680;/wiki/Fachhochschule_Bielefeld;2012/13 (WS)
http://fh-diakonie.de/;Fachhochschule der Diakonie;NW;konfessionell;nein;2006;559;AS24940;/wiki/Fachhochschule_der_Diakonie;2012/13 (WS)
http://www.fh-mittelstand.de/;Fachhochschule des Mittelstands;NW;privat;nein;2000;1584;AS20773;/wiki/Fachhochschule_des_Mittelstands;2012/13 (WS)
http://www.uni-bielefeld.de/;Universität Bielefeld;NW;staatlich;ja;1969;24428;AS680;/wiki/Universit%C3%A4t_Bielefeld;2014/15 (WS)
http://www.th-bingen.de/;Technische Hochschule Bingen;RP;staatlich;nein;1897;2596;AS2857;/wiki/Technische_Hochschule_Bingen;2012/13 (WS)
http://www.ebz-business-school.de/;EBZ Business School;NW;privat;nein;2008;569;AS24940;/wiki/EBZ_Business_School;2012/13 (WS)
http://www.evh-bochum.de/;Evangelische Fachhochschule Rheinland-Westfalen-Lippe;NW;konfessionell;nein;1971;2;AS29484;/wiki/Evangelische_Fachhochschule_Rheinland-Westfalen-Lippe;2012/13 (WS)
http://www.hochschule-bochum.de/;Hochschule Bochum;NW;staatlich;nein;1972;6047;AS680;/wiki/Hochschule_Bochum;2012/13 (WS)
http://www.hs-gesundheit.de/;Hochschule für Gesundheit;NW;staatlich;nein;2009;491;AS20773;/wiki/Hochschule_f%C3%BCr_Gesundheit;2012/13 (WS)
http://www.ruhr-uni-bochum.de/;Ruhr-Universität Bochum;NW;staatlich;ja;1962;42463;AS29484;/wiki/Ruhr-Universit%C3%A4t_Bochum;2016/17 (WS)
http://www.thga.de/;Technische Hochschule Georg Agricola;NW;privat;nein;1816;2178;AS680;/wiki/Technische_Hochschule_Georg_Agricola;2012/13 (WS)
http://www.s-hochschule.de/;Hochschule der Sparkassen-Finanzgruppe;NW;privat;nein;2003;919;AS15817;/wiki/Hochschule_der_Sparkassen-Finanzgruppe;2012/13 (WS)
http://www.uni-bonn.de/;Rheinische Friedrich-Wilhelms-Universität Bonn;NW;staatlich;ja;1818;36432;AS680;/wiki/Rheinische_Friedrich-Wilhelms-Universit%C3%A4t_Bonn;2014/15 (WS)
http://www.h-brs.de/;Hochschule Bonn-Rhein-Sieg;NW;staatlich;nein;1995;8;AS24940;/wiki/Hochschule_Bonn-Rhein-Sieg;2015/16 (WS)
http://www.th-brandenburg.de/;Technische Hochschule Brandenburg;BB;staatlich;nein;1992;2920;AS680;/wiki/Technische_Hochschule_Brandenburg;2012/13 (WS)
http://www.mhb-fontane.de/;Medizinische Hochschule Brandenburg Theodor Fontane;BB;privat;ja;2014;82;AS21059;/wiki/Medizinische_Hochschule_Brandenburg_Theodor_Fontane;2015/16 (WS)
http://www.hbk-bs.de/;Hochschule für Bildende Künste Braunschweig;NI;staatlich;ja;1963;1065;AS680;/wiki/Hochschule_f%C3%BCr_Bildende_K%C3%BCnste_Braunschweig;2012/13 (WS)
http://tu-braunschweig.de/;Technische Universität Braunschweig;NI;staatlich;ja;1745;17129;AS680;/wiki/Technische_Universit%C3%A4t_Braunschweig;2013/14 (WS)
http://www.hs-bremen.de/;Hochschule Bremen;HB;staatlich;nein;1982;8917;AS680;/wiki/Hochschule_Bremen;2012/13 (WS)
http://www.apollon-hochschule.de/;Apollon Hochschule der Gesundheitswirtschaft;HB;privat;nein;2005;1242;AS31400;/wiki/Apollon_Hochschule_der_Gesundheitswirtschaft;2012/13 (WS)
http://www.iubh-dualesstudium.de/;Hochschule für internationale Wirtschaft und Logistik;HB;privat;nein;2009;68;AS20773;/wiki/Hochschule_f%C3%BCr_internationale_Wirtschaft_und_Logistik;2012/13 (WS)
http://www.hfk-bremen.de/;Hochschule für Künste Bremen;HB;staatlich;nein;1873;903;AS680;/wiki/Hochschule_f%C3%BCr_K%C3%BCnste_Bremen;2012/13 (WS)
http://www.hfoev.bremen.de/;Hochschule für Öffentliche Verwaltung Bremen;HB;staatlich;nein;1979;375;AS680;/wiki/Hochschule_f%C3%BCr_%C3%96ffentliche_Verwaltung_Bremen;2012/13 (WS)
http://www.jacobs-university.de/;Jacobs University Bremen;HB;privat;ja;1999;1312;AS24940;/wiki/Jacobs_University_Bremen;2012/13 (WS)
http://www.uni-bremen.de/;Universität Bremen;HB;staatlich;ja;1971;19234;AS680;/wiki/Universit%C3%A4t_Bremen;2013/14 (WS)
http://www.hs-bremerhaven.de/;Hochschule Bremerhaven;HB;staatlich;nein;1975;3093;AS680;/wiki/Hochschule_Bremerhaven;2012/13 (WS)
http://www.eufh.de/;Europäische Fachhochschule;NW;privat;nein;2001;1599;AS21059;/wiki/Europ%C3%A4ische_Fachhochschule;2012/13 (WS)
http://www.hsbund.de/;Fachhochschule des Bundes für öffentliche Verwaltung;NW;staatlich;nein;1978;1085;AS15598;/wiki/Fachhochschule_des_Bundes_f%C3%BCr_%C3%B6ffentliche_Verwaltung;2012/13 (WS)
http://www.genialdual.de/;Hochschule 21;NI;privat;nein;1971;714;AS12731;/wiki/Hochschule_21;2012/13 (WS)
http://www.campus-calw.de/;SRH Hochschule für Wirtschaft und Medien Calw;BW;privat;nein;1972;299;AS8075;/wiki/SRH_Hochschule_f%C3%BCr_Wirtschaft_und_Medien_Calw;2012/13 (WS)
http://www.tu-chemnitz.de/;Technische Universität Chemnitz;SN;staatlich;ja;1836;11231;AS680;/wiki/Technische_Universit%C3%A4t_Chemnitz;2013/14 (WS)
http://www.tu-clausthal.de/;Technische Universität Clausthal;NI;staatlich;ja;1775;4963;AS680;/wiki/Technische_Universit%C3%A4t_Clausthal;2015/16(WS)
http://www.hs-coburg.de/;Hochschule für angewandte Wissenschaften Coburg;BY;staatlich;nein;1971;4446;AS680;/wiki/Hochschule_f%C3%BCr_angewandte_Wissenschaften_Coburg;2012/13 (WS)
http://www.b-tu.de/;Brandenburgische Technische Universität Cottbus-Senftenberg;BB;staatlich;ja;2013;10310;AS680;/wiki/Brandenburgische_Technische_Universit%C3%A4t_Cottbus-Senftenberg;2012/13 (WS)
http://www.eh-darmstadt.de/;Evangelische Hochschule Darmstadt;HE;konfessionell;nein;1971;1603;AS8365;/wiki/Evangelische_Hochschule_Darmstadt;2012/13 (WS)
http://www.h-da.de/;Hochschule Darmstadt;HE;staatlich;nein;1971;16136;AS8365;/wiki/Hochschule_Darmstadt;2016/17 (WS)
http://www.tu-darmstadt.de/;Technische Universität Darmstadt;HE;staatlich;ja;1877;25100;AS8365;/wiki/Technische_Universit%C3%A4t_Darmstadt;2013/14 (WS)
http://www.th-deg.de/;Technische Hochschule Deggendorf;BY;staatlich;nein;1994;5760;AS680;/wiki/Technische_Hochschule_Deggendorf;2015/16 (WS)
http://www.hfm-detmold.de/;Hochschule für Musik Detmold;NW;staatlich;ja;1946;646;AS20773;/wiki/Hochschule_f%C3%BCr_Musik_Detmold;2012/13 (WS)
http://www.fh-dortmund.de/;Fachhochschule Dortmund;NW;staatlich;nein;1971;13559;AS680;/wiki/Fachhochschule_Dortmund;2015/16 (WS)
http://www.ism.de/;International School of Management;NW;privat;nein;1990;2190;AS20773;/wiki/International_School_of_Management;2013/14 (SS)
http://www.tu-dortmund.de/;Technische Universität Dortmund;NW;staatlich;ja;1968;34235;AS680;/wiki/Technische_Universit%C3%A4t_Dortmund;2016/17 (WS)
http://www.di-uni.de/;Dresden International University;SN;privat;nein;2003;1377;AS8881;/wiki/Dresden_International_University;2012/13 (WS)
http://www.kirchenmusik-dresden.de/;Evangelische Hochschule für Kirchenmusik Dresden;SN;konfessionell;nein;1949;30;AS8560;/wiki/Evangelische_Hochschule_f%C3%BCr_Kirchenmusik_Dresden;2012/13 (WS)
http://www.ehs-dresden.de/;Evangelische Hochschule für Soziale Arbeit Dresden;SN;konfessionell;nein;1991;627;AS6724;/wiki/Evangelische_Hochschule_f%C3%BCr_Soziale_Arbeit_Dresden;2012/13 (WS)
http://www.fh-dresden.eu/;Fachhochschule Dresden;SN;privat;nein;2010;113;AS20773;/wiki/Fachhochschule_Dresden;2012/13 (WS)
http://www.hfbk-dresden.de/;Hochschule für Bildende Künste Dresden;SN;staatlich;ja;1764;599;AS680;/wiki/Hochschule_f%C3%BCr_Bildende_K%C3%BCnste_Dresden;2012/13 (WS)
http://www.hfmdd.de/;Hochschule für Musik Carl Maria von Weber Dresden;SN;staatlich;ja;1856;554;AS680;/wiki/Hochschule_f%C3%BCr_Musik_Carl_Maria_von_Weber_Dresden;2012/13 (WS)
http://www.htw-dresden.de/;Hochschule für Technik und Wirtschaft Dresden;SN;staatlich;nein;1992;5272;AS680;/wiki/Hochschule_f%C3%BCr_Technik_und_Wirtschaft_Dresden;2012/13 (WS)
http://www.palucca.eu/;Palucca Hochschule für Tanz Dresden;SN;staatlich;ja;1925;164;AS61157;/wiki/Palucca_Hochschule_f%C3%BCr_Tanz_Dresden;2012/13 (WS)
http://www.tu-dresden.de/;Technische Universität Dresden;SN;staatlich;ja;1828;35961;AS680;/wiki/Technische_Universit%C3%A4t_Dresden;2015/16 (WS)
http://www.uni-due.de/;Universität Duisburg-Essen;NW;staatlich;ja;1972/2003;43281;AS680;/wiki/Universit%C3%A4t_Duisburg-Essen;2016/17 (WS)
http://www.hs-duesseldorf.de/;Hochschule Düsseldorf;NW;staatlich;nein;1971;8532;AS680;/wiki/Hochschule_D%C3%BCsseldorf;2012/13 (WS)
http://www.fliedner-fachhochschule.de/;Fliedner Fachhochschule Düsseldorf;NW;privat;nein;2011;268;AS15817;/wiki/Fliedner_Fachhochschule_D%C3%BCsseldorf;2012/13 (WS)
http://www.hhu.de/;Heinrich-Heine-Universität Düsseldorf;NW;staatlich;ja;1965;33715;AS3209;/wiki/Heinrich-Heine-Universit%C3%A4t_D%C3%BCsseldorf;2016/17 (WS)
http://www.ist-hochschule.de/;IST-Hochschule für Management;NW;privat;nein;2013;1134;AS25260;/wiki/IST-Hochschule_f%C3%BCr_Management;2015/16 (WS)
http://www.kunstakademie-duesseldorf.de/;Kunstakademie Düsseldorf;NW;staatlich;ja;1773;608;AS24940;/wiki/Kunstakademie_D%C3%BCsseldorf;2012/13 (WS)
http://www.rsh-duesseldorf.de/;Robert-Schumann-Hochschule Düsseldorf;NW;staatlich;ja;1972;890;AS680;/wiki/Robert-Schumann-Hochschule_D%C3%BCsseldorf;2012/13 (WS)
http://www.hnee.de/;Hochschule für nachhaltige Entwicklung Eberswalde;BB;staatlich;nein;1992;2033;AS680;/wiki/Hochschule_f%C3%BCr_nachhaltige_Entwicklung_Eberswalde;2012/13 (WS)
http://www.fachhochschule-edenkoben.de/;Fachhochschule für Finanzen (Edenkoben);RP;staatlich;nein;1981;474;AS12360;/wiki/Fachhochschule_f%C3%BCr_Finanzen_(Edenkoben);2012/13 (WS)
http://www.ku.de/;Katholische Universität Eichstätt-Ingolstadt;BY;konfessionell;ja;1980;4910;AS680;/wiki/Katholische_Universit%C3%A4t_Eichst%C3%A4tt-Ingolstadt;2012/13 (WS)
http://www.nordakademie.de/;Nordakademie;SH;privat;nein;1992;1327;AS680;/wiki/Nordakademie;2012/13 (WS)
http://www.th-elstal.de/;Theologische Hochschule Elstal;BB;konfessionell;nein;1880;65;AS20773;/wiki/Theologische_Hochschule_Elstal;2015/16 (WS)
http://www.hs-emden-leer.de/;Hochschule Emden/Leer;NI;staatlich;nein;2009;4708;AS680;/wiki/Hochschule_Emden/Leer;2016/17 (WS)
http://www.fham.de/;Hochschule für angewandtes Management;BY;privat;nein;2004;2201;AS8767;/wiki/Hochschule_f%C3%BCr_angewandtes_Management_%E2%80%93_Fachhochschule;2012/13 (WS)
http://www.fh-erfurt.de/;Fachhochschule Erfurt;TH;staatlich;nein;1991;4589;AS680;/wiki/Fachhochschule_Erfurt;2012/13 (WS)
http://www.uni-erfurt.de/;Universität Erfurt;TH;staatlich;ja;1389/1994;5598;AS680;/wiki/Universit%C3%A4t_Erfurt;2012/13 (WS)
http://fau.de/;Friedrich-Alexander-Universität Erlangen-Nürnberg;BY;staatlich;ja;1742;39868;AS680;/wiki/Friedrich-Alexander-Universit%C3%A4t_Erlangen-N%C3%BCrnberg;2016/17 (WS)
http://www.folkwang-uni.de/;Folkwang Universität der Künste;NW;staatlich;ja;1927;1506;AS680;/wiki/Folkwang_Universit%C3%A4t_der_K%C3%BCnste;2012/13 (WS)
http://www.fom.de/;FOM Hochschule;NW;privat;nein;1993;21263;AS3320;/wiki/FOM_Hochschule;2012/13 (WS)
http://www.hs-esslingen.de/;Hochschule Esslingen;BW;staatlich;nein;1971;6018;AS553;/wiki/Hochschule_Esslingen;2012/13 (WS)
http://th-ewersbach.de/;Theologische Hochschule Ewersbach;HE;konfessionell;nein;"1912; FH seit 2011";67;AS20773;/wiki/Theologische_Hochschule_Ewersbach;2012/13 (WS)
http://www.hs-flensburg.de/;Hochschule Flensburg (Fachhochschule);SH;staatlich;nein;1886;4047;AS680;/wiki/Hochschule_Flensburg_(Fachhochschule);2012/13 (WS)
http://www.uni-flensburg.de/;Europa-Universität Flensburg;SH;staatlich;ja;1994;4662;AS680;/wiki/Europa-Universit%C3%A4t_Flensburg;2012/13 (WS)
http://frankfurt-university.de/;Fachhochschule Frankfurt am Main;HE;staatlich;nein;1971;10683;AS680;/wiki/Fachhochschule_Frankfurt_am_Main;2012/13 (WS)
http://www.frankfurt-school.de/;Frankfurt School of Finance & Management;HE;privat;ja;1957;1278;AS16509;/wiki/Frankfurt_School_of_Finance_%26_Management;2012/13 (WS)
http://www.hfmdk-frankfurt.de/;Hochschule für Musik und Darstellende Kunst Frankfurt am Main;HE;staatlich;ja;1938;862;AS680;/wiki/Hochschule_f%C3%BCr_Musik_und_Darstellende_Kunst_Frankfurt_am_Main;2012/13 (WS)
http://www.uni-frankfurt.de/;Johann Wolfgang Goethe-Universität Frankfurt am Main;HE;staatlich;ja;1914;45076;AS20633;/wiki/Johann_Wolfgang_Goethe-Universit%C3%A4t_Frankfurt_am_Main;2017 (SS)
http://www.sankt-georgen.de/;Philosophisch-Theologische Hochschule Sankt Georgen;HE;konfessionell;ja;1926;335;AS15817;/wiki/Philosophisch-Theologische_Hochschule_Sankt_Georgen;2012/13 (WS)
http://www.provadis-hochschule.de/;Provadis School of International Management and Technology;HE;privat;nein;2002;897;AS24639;/wiki/Provadis_School_of_International_Management_and_Technology;2012/13 (WS)
http://www.staedelschule.de/;Staatliche Hochschule für Bildende Künste – Städelschule;HE;staatlich;nein;1829;196;AS20773;/wiki/Staatliche_Hochschule_f%C3%BCr_Bildende_K%C3%BCnste_%E2%80%93_St%C3%A4delschule;2012/13 (WS)
http://www.europa-uni.de/;Europa-Universität Viadrina;BB;staatlich;ja;1506/1992;6716;AS680;/wiki/Europa-Universit%C3%A4t_Viadrina;2012/13 (WS)
http://www.tu-freiberg.de/;Technische Universität Bergakademie Freiberg;SN;staatlich;ja;1765;4927;AS680;/wiki/Technische_Universit%C3%A4t_Bergakademie_Freiberg;2015/16 (WS)
http://www.uni-freiburg.de/;Albert-Ludwigs-Universität Freiburg;BW;staatlich;ja;1457;24741;AS553;/wiki/Albert-Ludwigs-Universit%C3%A4t_Freiburg;2013/14 (WS)
http://www.eh-freiburg.de/;Evangelische Hochschule Freiburg;BW;konfessionell;nein;1918;896;AS20773;/wiki/Evangelische_Hochschule_Freiburg;2012/13 (WS)
http://www.mh-freiburg.de/;Hochschule für Musik Freiburg;BW;staatlich;ja;1946;517;AS20773;/wiki/Hochschule_f%C3%BCr_Musik_Freiburg;2012/13 (WS)
http://hkdm.de/;Hochschule für Kunst, Design und Populäre Musik Freiburg;BW;privat;nein;2010;111;AS24940;/wiki/Hochschule_f%C3%BCr_Kunst,_Design_und_Popul%C3%A4re_Musik_Freiburg;2012/13 (WS)
http://www.kh-freiburg.de/;Katholische Hochschule Freiburg;BW;konfessionell;nein;1971;1716;AS20773;/wiki/Katholische_Hochschule_Freiburg;2012/13 (WS)
http://www.ph-freiburg.de/;Pädagogische Hochschule Freiburg;BW;staatlich;ja;1962;5067;AS553;/wiki/P%C3%A4dagogische_Hochschule_Freiburg;2012/13 (WS)
http://www.thh-friedensau.de/;Theologische Hochschule Friedensau;ST;konfessionell;nein;1899;188;AS24973;/wiki/Theologische_Hochschule_Friedensau;2012/13 (WS)
http://www.zu.de/;Zeppelin Universität;BW;privat;ja;2003;805;AS21263;/wiki/Zeppelin_Universit%C3%A4t;2012/13 (WS)
http://www.hs-fulda.de/;Hochschule Fulda;HE;staatlich;ja;1974;6514;AS6724;/wiki/Hochschule_Fulda;2012/13 (WS)
http://thf-fulda.de/;Theologische Fakultät Fulda;HE;konfessionell;ja;1734;43;AS20773;/wiki/Theologische_Fakult%C3%A4t_Fulda;2012/13 (WS)
http://www.wlh-fuerth.de/;Wilhelm Löhe Hochschule für angewandte Wissenschaften;BY;privat;nein;2012;103;AS24940;/wiki/Wilhelm_L%C3%B6he_Hochschule_f%C3%BCr_angewandte_Wissenschaften;2015/16 (WS)
http://www.hs-furtwangen.de/;Hochschule Furtwangen;BW;staatlich;nein;1850;5840;AS553;/wiki/Hochschule_Furtwangen;2012/13 (WS)
http://www.hs-geisenheim.de/;Hochschule Geisenheim;HE;staatlich;ja;2013;1100;AS15817;/wiki/Hochschule_Geisenheim;2012/13 (WS)
http://www.fhoev.nrw.de/;Fachhochschule für öffentliche Verwaltung Nordrhein-Westfalen;NW;staatlich;nein;1976;6881;AS43066;/wiki/Fachhochschule_f%C3%BCr_%C3%B6ffentliche_Verwaltung_Nordrhein-Westfalen;2012/13 (WS)
http://www.w-hs.de/;Westfälische Hochschule Gelsenkirchen Bocholt Recklinghausen;NW;staatlich;nein;1992;8357;AS20773;/wiki/Westf%C3%A4lische_Hochschule_Gelsenkirchen_Bocholt_Recklinghausen;2012/13 (WS)
http://www.srh-gesundheitshochschule.de/;SRH Hochschule für Gesundheit Gera;TH;privat;nein;2006;486;AS553;/wiki/SRH_Hochschule_f%C3%BCr_Gesundheit_Gera;2012/13 (WS)
http://www.fthgiessen.de/;Freie Theologische Hochschule Gießen;HE;konfessionell;nein;"1974; FH seit 2008";209;AS15817;/wiki/Freie_Theologische_Hochschule_Gie%C3%9Fen;2012/13 (WS)
http://www.uni-giessen.de/;Justus-Liebig-Universität Gießen;HE;staatlich;ja;1607;28;AS680;/wiki/Justus-Liebig-Universit%C3%A4t_Gie%C3%9Fen;2014/15 (WS)
http://www.thm.de/;Technische Hochschule Mittelhessen;HE;staatlich;nein;1971;13790;AS680;/wiki/Technische_Hochschule_Mittelhessen;2012/13 (WS)
http://www.vfhs-thueringen.de/;Thüringer Fachhochschule für öffentliche Verwaltung;TH;staatlich;nein;1994;396;AS196870;/wiki/Th%C3%BCringer_Fachhochschule_f%C3%BCr_%C3%B6ffentliche_Verwaltung;2012/13 (WS)
http://www.uni-goettingen.de/;Georg-August-Universität Göttingen;NI;staatlich;ja;1734;30600;AS680;/wiki/Georg-August-Universit%C3%A4t_G%C3%B6ttingen;2015/16 (WS)
http://www.pfh.de/;Private Fachhochschule Göttingen;NI;privat;nein;1994;2013;AS51167;/wiki/Private_Fachhochschule_G%C3%B6ttingen;2012/13 (WS)
http://www.uni-greifswald.de/;Ernst-Moritz-Arndt-Universität Greifswald;MV;staatlich;ja;1456;11736;AS680;/wiki/Ernst-Moritz-Arndt-Universit%C3%A4t_Greifswald;2012/13 (WS)
http://www.fh-guestrow.de/;Fachhochschule für öffentliche Verwaltung, Polizei und Rechtspflege;MV;staatlich;nein;1991;466;AS35244;/wiki/Fachhochschule_f%C3%BCr_%C3%B6ffentliche_Verwaltung,_Polizei_und_Rechtspflege;2012/13 (WS)
http://www.hochschule-bundesbank.de/;Hochschule der Deutschen Bundesbank;RP;staatlich;nein;1976;317;AS35677;/wiki/Hochschule_der_Deutschen_Bundesbank;2012/13 (WS)
http://www.fernuni-hagen.de/;Fernuniversität in Hagen;NW;staatlich;ja;1974;68429;AS680;/wiki/Fernuniversit%C3%A4t_in_Hagen;2016/17 (WS)
http://www.burg-halle.de/;Burg Giebichenstein Kunsthochschule Halle;ST;staatlich;nein;1879;1059;AS16097;/wiki/Burg_Giebichenstein_Kunsthochschule_Halle;2012/13 (WS)
http://www.ehk-halle.de/;Evangelische Hochschule für Kirchenmusik Halle;ST;konfessionell;nein;1993;49;AS15817;/wiki/Evangelische_Hochschule_f%C3%BCr_Kirchenmusik_Halle;2012/13 (WS)
http://www.uni-halle.de/;Martin-Luther-Universität Halle-Wittenberg;ST;staatlich;ja;1502/1694/ 1817;20390;AS680;/wiki/Martin-Luther-Universit%C3%A4t_Halle-Wittenberg;2012/13 (WS)
http://www.law-school.de/;Bucerius Law School;HH;privat;ja;2000;958;AS20773;/wiki/Bucerius_Law_School;2012/13 (WS)
http://www.brand-acad.de/;Brand Academy – Hochschule für Design und Kommunikation;HH;privat;nein;2010;90;AS61157;/wiki/Brand_Academy_%E2%80%93_Hochschule_f%C3%BCr_Design_und_Kommunikation;2012/13 (WS)
http://www.ebc-hochschule.de/;EBC Hochschule;HH;privat;nein;2008;873;AS44066;/wiki/EBC_Hochschule;2012/13 (WS)
http://www.euro-fh.de/;Europäische Fernhochschule Hamburg;HH;privat;nein;2003;5627;AS47215;/wiki/Europ%C3%A4ische_Fernhochschule_Hamburg;2012/13 (WS)
http://www.ev-hochschule-hh.de/;Evangelische Hochschule für Soziale Arbeit & Diakonie;HH;konfessionell;nein;1971;454;AS24940;/wiki/Evangelische_Hochschule_f%C3%BCr_Soziale_Arbeit_%26_Diakonie;2012/13 (WS)
http://www.hcu-hamburg.de/;HafenCity Universität Hamburg;HH;staatlich;ja;2006;2304;AS680;/wiki/HafenCity_Universit%C3%A4t_Hamburg;2012/13 (WS)
http://www.hamburger-fh.de/;HFH Hamburger Fern-Hochschule;HH;privat;nein;1997;9383;AS15456;/wiki/HFH_Hamburger_Fern-Hochschule;2012/13 (WS)
http://www.hsba.de/;Hamburg School of Business Administration;HH;privat;nein;2004;731;AS20773;/wiki/Hamburg_School_of_Business_Administration;2012/13 (WS)
http://www.hsu-hh.de/;Helmut-Schmidt-Universität;HH;staatlich;ja;1973;2638;AS680;/wiki/Helmut-Schmidt-Universit%C3%A4t;2012/13 (WS)
http://www.haw-hamburg.de/;Hochschule für Angewandte Wissenschaften Hamburg;HH;staatlich;nein;1970;16581;AS680;/wiki/Hochschule_f%C3%BCr_Angewandte_Wissenschaften_Hamburg;2014/15 (WS)
http://www.hfbk-hamburg.de/;Hochschule für bildende Künste Hamburg;HH;staatlich;ja;1767;884;AS680;/wiki/Hochschule_f%C3%BCr_bildende_K%C3%BCnste_Hamburg;2012/13 (WS)
http://www.hfmt-hamburg.de/;Hochschule für Musik und Theater Hamburg;HH;staatlich;ja;1950;1252;AS680;/wiki/Hochschule_f%C3%BCr_Musik_und_Theater_Hamburg;2012/13 (WS)
http://www.hamburg.de/fb/norddeutsche-akademie-fuer-finanzen-und-steuerrecht-hamburg/;Norddeutsche Akademie für Finanzen und Steuerrecht;HH;staatlich;nein;2007;359;AS5521;/wiki/Norddeutsche_Akademie_f%C3%BCr_Finanzen_und_Steuerrecht;2012/13 (WS)
http://www.iss-hamburg.de/;International Business School of Service Management;HH;privat;nein;2006;74;AS8893;/wiki/International_Business_School_of_Service_Management;2012/13 (WS)
http://www.the-klu.org/;Kühne Logistics University;HH;privat;nein;2010;109;AS15817;/wiki/K%C3%BChne_Logistics_University;2012/13 (WS)
http://www.medicalschool-hamburg.de/;MSH Medical School Hamburg;HH;privat;nein;2009;1078;AS12586;/wiki/MSH_Medical_School_Hamburg;2013/14 (WS)
http://www.tuhh.de/;Technische Universität Hamburg-Harburg;HH;staatlich;ja;1978;6376;AS680;/wiki/Technische_Universit%C3%A4t_Hamburg-Harburg;2012/13 (WS)
http://www.uni-hamburg.de/;Universität Hamburg;HH;staatlich;ja;1919;42023;AS680;/wiki/Universit%C3%A4t_Hamburg;2015/16 (WS)
http://www.hsw-hameln.de/;Hochschule Weserbergland;NI;privat;nein;2010;383;AS34788;/wiki/Hochschule_Weserbergland;2012/13 (WS)
http://www.hshl.de/;Hochschule Hamm-Lippstadt;NW;staatlich;nein;2009;4500;AS197965;/wiki/Hochschule_Hamm-Lippstadt;2015/16 (WS)
http://www.fh-hamm.de/;SRH Hochschule für Logistik und Wirtschaft;NW;privat;nein;2004;495;AS8075;/wiki/SRH_Hochschule_f%C3%BCr_Logistik_und_Wirtschaft;2012/13 (WS)
http://www.fhdw-hannover.de/;Fachhochschule für die Wirtschaft;NI;privat;nein;1996;473;AS15817;/wiki/Fachhochschule_f%C3%BCr_die_Wirtschaft;2012/13 (WS)
http://www.uni-hannover.de/;Gottfried Wilhelm Leibniz Universität Hannover;NI;staatlich;ja;1831;23900;AS680;/wiki/Gottfried_Wilhelm_Leibniz_Universit%C3%A4t_Hannover;2013/14 (WS)
http://www.hmtm-hannover.de/;Hochschule für Musik, Theater und Medien Hannover;NI;staatlich;ja;1897;1287;AS24679;/wiki/Hochschule_f%C3%BCr_Musik,_Theater_und_Medien_Hannover;2012/13 (WS)
http://www.hs-hannover.de/;Hochschule Hannover;NI;staatlich;nein;1971;10040;AS680;/wiki/Hochschule_Hannover;2015/16 (WS)
http://www.nds-sti.de/;Kommunale Hochschule für Verwaltung in Niedersachsen;NI;privat;nein;2007;806;AS15743;/wiki/Kommunale_Hochschule_f%C3%BCr_Verwaltung_in_Niedersachsen;2012/13 (WS)
http://www.leibniz-akademie.de/;Leibniz-Akademie Hannover;NI;privat;nein;1920;311;AS15817;/wiki/Leibniz-Akademie_Hannover;2012/13 (WS)
http://www.mh-hannover.de/;Medizinische Hochschule Hannover;NI;staatlich;ja;1961;3256;AS680;/wiki/Medizinische_Hochschule_Hannover;2012/13 (WS)
http://www.tiho-hannover.de/;Tierärztliche Hochschule Hannover;NI;staatlich;ja;1778;2459;AS680;/wiki/Tier%C3%A4rztliche_Hochschule_Hannover;2012/13 (WS)
http://fh-westkueste.de/;Fachhochschule Westküste;SH;staatlich;nein;1993;1320;AS24940;/wiki/Fachhochschule_Westk%C3%BCste;2012/13 (WS)
http://www.hfjs.eu/;Hochschule für Jüdische Studien;BW;konfessionell;ja;1979;120;AS553;/wiki/Hochschule_f%C3%BCr_J%C3%BCdische_Studien;2012/13 (WS)
http://www.hfk-heidelberg.de/;Hochschule für Kirchenmusik Heidelberg;BW;konfessionell;nein;1931;0;AS6724;/wiki/Hochschule_f%C3%BCr_Kirchenmusik_Heidelberg;
http://www.ph-heidelberg.de/;Pädagogische Hochschule Heidelberg;BW;staatlich;ja;1904;4478;AS553;/wiki/P%C3%A4dagogische_Hochschule_Heidelberg;2012/13 (WS)
http://www.uni-heidelberg.de/;Ruprecht-Karls-Universität Heidelberg;BW;staatlich;ja;1386;30787;AS553;/wiki/Ruprecht-Karls-Universit%C3%A4t_Heidelberg;2016/17 (WS)
http://www.hochschule-heidelberg.de/;SRH Hochschule Heidelberg;BW;privat;nein;1972;2769;AS8075;/wiki/SRH_Hochschule_Heidelberg;2012/13 (WS)
http://www.hs-heilbronn.de/;Hochschule Heilbronn;BW;staatlich;nein;1961;7917;AS553;/wiki/Hochschule_Heilbronn;2012/13 (WS)
http://www.ggs.de/;German Graduate School of Management and Law;BW;privat;nein;2005;128;AS24940;/wiki/German_Graduate_School_of_Management_and_Law;2012/13 (WS)
http://www.hochschule-herford.de/;Hochschule für Kirchenmusik der Evangelischen Kirche von Westfalen;NW;konfessionell;nein;1948;38;AS20686;/wiki/Hochschule_f%C3%BCr_Kirchenmusik_der_Evangelischen_Kirche_von_Westfalen;2012/13 (WS)
http://www.fh-hermannsburg.de/;Fachhochschule für Interkulturelle Theologie;NI;konfessionell;nein;2012;15;AS16509;/wiki/Fachhochschule_f%C3%BCr_Interkulturelle_Theologie;2012/13 (WS)
http://www.fhr-nord.niedersachsen.de/;Norddeutsche Hochschule für Rechtspflege;NI;staatlich;nein;2007;267;AS15817;/wiki/Norddeutsche_Hochschule_f%C3%BCr_Rechtspflege;2012/13 (WS)
http://www.uni-hildesheim.de/;Universität Hildesheim;NI;staatlich;ja;1946;6048;AS680;/wiki/Universit%C3%A4t_Hildesheim;2012/13 (WS)
http://www.hawk-hhg.de/;HAWK Hochschule Hildesheim/Holzminden/Göttingen;NI;staatlich;nein;1971;5193;AS680;/wiki/HAWK_Hochschule_Hildesheim/Holzminden/G%C3%B6ttingen;2012/13 (WS)
http://www.hof-university.de/;Hochschule Hof;BY;staatlich;nein;1994;3041;AS680;/wiki/Hochschule_Hof;2012/13 (WS)
http://www.hs-fresenius.de/;Hochschule Fresenius;HE;privat;nein;1848;5708;AS20773;/wiki/Hochschule_Fresenius;2012/13 (WS)
http://www.tu-ilmenau.de/;Technische Universität Ilmenau;TH;staatlich;ja;1894;6612;AS680;/wiki/Technische_Universit%C3%A4t_Ilmenau;2015/16 (WS)
http://www.thi.de/;Technische Hochschule Ingolstadt;BY;staatlich;nein;1994;4403;AS680;/wiki/Technische_Hochschule_Ingolstadt;2012/13 (WS)
http://www.bits-hochschule.de/;Business and Information Technology School;NW;privat;nein;2000;1600;AS24940;/wiki/Business_and_Information_Technology_School;2012/13 (WS)
http://fh-swf.de/;Fachhochschule Südwestfalen;NW;staatlich;nein;2002;14017;AS680;/wiki/Fachhochschule_S%C3%BCdwestfalen;2016/17 (WS)
http://www.nta-isny.de/;Naturwissenschaftlich-Technische Akademie Isny;BW;privat;nein;1945;194;AS15817;/wiki/Naturwissenschaftlich-Technische_Akademie_Isny;2012/13 (WS)
http://www.eah-jena.de/;Ernst-Abbe-Fachhochschule Jena;TH;staatlich;nein;1991;4702;AS680;/wiki/Ernst-Abbe-Fachhochschule_Jena;2012/13 (WS)
http://www.uni-jena.de/;Friedrich-Schiller-Universität Jena;TH;staatlich;ja;1558;19704;AS680;/wiki/Friedrich-Schiller-Universit%C3%A4t_Jena;2012/13 (WS)
http://www.hs-kl.de/;Hochschule Kaiserslautern;RP;staatlich;nein;1971;5622;AS2857;/wiki/Hochschule_Kaiserslautern;2012/13 (WS)
http://www.uni-kl.de/;Technische Universität Kaiserslautern;RP;staatlich;ja;1970;14493;AS199578;/wiki/Technische_Universit%C3%A4t_Kaiserslautern;2015/16 (WS)
http://hfm-karlsruhe.de/;Hochschule für Musik Karlsruhe;BW;staatlich;ja;1812;648;AS553;/wiki/Hochschule_f%C3%BCr_Musik_Karlsruhe;2012/13 (WS)
http://www.hs-karlsruhe.de/;Hochschule Karlsruhe – Technik und Wirtschaft;BW;staatlich;nein;1971;7672;AS553;/wiki/Hochschule_Karlsruhe_%E2%80%93_Technik_und_Wirtschaft;2012/13 (WS)
http://www.karlshochschule.de/;Karlshochschule International University;BW;privat;nein;2004;636;AS15817;/wiki/Karlshochschule_International_University;2012/13 (WS)
http://kit.edu/;Karlsruher Institut für Technologie;BW;staatlich;ja;1825;25196;AS34878;/wiki/Karlsruher_Institut_f%C3%BCr_Technologie;2015/16 (WS)
http://www.ph-karlsruhe.de/;Pädagogische Hochschule Karlsruhe;BW;staatlich;ja;1962;3729;AS553;/wiki/P%C3%A4dagogische_Hochschule_Karlsruhe;2014/15 (WS)
http://www.kunstakademie-karlsruhe.de/;Staatliche Akademie der Bildenden Künste Karlsruhe;BW;staatlich;nein;1854;307;AS553;/wiki/Staatliche_Akademie_der_Bildenden_K%C3%BCnste_Karlsruhe;2012/13 (WS)
http://www.hfg-karlsruhe.de/;Staatliche Hochschule für Gestaltung Karlsruhe;BW;staatlich;ja;1992;446;AS553;/wiki/Staatliche_Hochschule_f%C3%BCr_Gestaltung_Karlsruhe;2012/13 (WS)
http://www.cvjm-hochschule.de/;CVJM-Hochschule;HE;privat;nein;2009;297;AS24940;/wiki/CVJM-Hochschule;2012/13 (WS)
http://www.kunsthochschule-kassel.de/;Kunsthochschule Kassel;HE;staatlich;nein;1777;783;AS680;/wiki/Kunsthochschule_Kassel;2012/13 (WS)
http://www.uni-kassel.de/;Universität Kassel;HE;staatlich;ja;1633/1970;25043;AS680;/wiki/Universit%C3%A4t_Kassel;2016/17 (WS)
http://www.hs-kehl.de/;Hochschule für öffentliche Verwaltung Kehl;BW;staatlich;nein;1971;991;AS553;/wiki/Hochschule_Kehl;2012/13 (WS)
http://www.hochschule-kempten.de/;Hochschule für angewandte Wissenschaften Kempten;BY;staatlich;nein;1977;4789;AS680;/wiki/Hochschule_f%C3%BCr_angewandte_Wissenschaften_Kempten;2012/13 (WS)
http://www.uni-kiel.de/;Christian-Albrechts-Universität zu Kiel;SH;staatlich;ja;1665;24222;AS680;/wiki/Christian-Albrechts-Universit%C3%A4t_zu_Kiel;2012/13 (WS)
http://www.fh-kiel.de/;Fachhochschule Kiel;SH;staatlich;nein;1969;7268;AS680;/wiki/Fachhochschule_Kiel;2014/15 (WS)
http://www.muthesius-kunsthochschule.de/;Muthesius Kunsthochschule;SH;staatlich;ja;2005;568;AS24940;/wiki/Muthesius_Kunsthochschule;2012/13 (WS)
http://www.hochschule-rhein-waal.de/;Hochschule Rhein-Waal;NW;staatlich;nein;2009;5;AS24940;/wiki/Hochschule_Rhein-Waal;2014/15 (WS)
http://www.hs-koblenz.de/;Hochschule Koblenz;RP;staatlich;nein;1996;8110;AS2857;/wiki/Hochschule_Koblenz;2012/13 (WS)
http://www.uni-koblenz-landau.de/;Universität Koblenz-Landau;RP;staatlich;ja;1990;15757;AS2857;/wiki/Universit%C3%A4t_Koblenz-Landau;2015/16 (WS)
http://www.htwg-konstanz.de/;Hochschule Konstanz Technik, Wirtschaft und Gestaltung;BW;staatlich;nein;1906;4535;AS553;/wiki/Hochschule_Konstanz_Technik,_Wirtschaft_und_Gestaltung;2012/13 (WS)
http://www.uni-konstanz.de/;Universität Konstanz;BW;staatlich;ja;1966;10979;AS553;/wiki/Universit%C3%A4t_Konstanz;2012/13 (WS)
http://cbs.de/;Cologne Business School;NW;privat;nein;1993;1123;AS201229;/wiki/Cologne_Business_School;2012/13 (WS)
http://www.dshs-koeln.de/;Deutsche Sporthochschule Köln;NW;staatlich;ja;1947;5782;AS8422;/wiki/Deutsche_Sporthochschule_K%C3%B6ln;2016 (SS)
http://www.th-koeln.de/;Technische Hochschule Köln;NW;staatlich;nein;1971;23600;AS680;/wiki/Technische_Hochschule_K%C3%B6ln;2015 (SS)
http://www.hfmt-koeln.de/;Hochschule für Musik und Tanz Köln;NW;staatlich;ja;1850;1568;AS8422;/wiki/Hochschule_f%C3%BCr_Musik_und_Tanz_K%C3%B6ln;2012/13 (WS)
http://www.katho-nrw.de/;Katholische Hochschule Nordrhein-Westfalen;NW;konfessionell;nein;1971;4030;AS8881;/wiki/Katholische_Hochschule_Nordrhein-Westfalen;2012/13 (WS)
http://www.khm.de/;Kunsthochschule für Medien Köln;NW;staatlich;ja;1990;328;AS680;/wiki/Kunsthochschule_f%C3%BCr_Medien_K%C3%B6ln;2012/13 (WS)
http://www.uni-koeln.de/;Universität zu Köln;NW;staatlich;ja;1388/1919;49382;AS5520;/wiki/Universit%C3%A4t_zu_K%C3%B6ln;2016/17 (WS)
http://www.rfh-koeln.de/;Rheinische Fachhochschule Köln;NW;privat;nein;1971 (1958);4742;AS680;/wiki/Rheinische_Fachhochschule_K%C3%B6ln;2012/13 (WS)
http://www.fhf-kw.brandenburg.de/;Fachhochschule für Finanzen Brandenburg;BB;staatlich;nein;1991;580;AS680;/wiki/Fachhochschule_f%C3%BCr_Finanzen_Brandenburg;2012/13 (WS)
http://www.haw-landshut.de/;Hochschule Landshut;BY;staatlich;nein;1978;5311;AS680;/wiki/Hochschule_Landshut;2016/17 (WS)
http://www.hhl.de/;Handelshochschule Leipzig;SN;privat;ja;1898;434;AS20773;/wiki/Handelshochschule_Leipzig;2012/13 (WS)
http://www.hgb-leipzig.de/;Hochschule für Grafik und Buchkunst Leipzig;SN;staatlich;ja;1764;568;AS680;/wiki/Hochschule_f%C3%BCr_Grafik_und_Buchkunst_Leipzig;2012/13 (WS)
http://www.hmt-leipzig.de/;Hochschule für Musik und Theater „Felix Mendelssohn Bartholdy“ Leipzig;SN;staatlich;ja;1843;1036;AS680;/wiki/Hochschule_f%C3%BCr_Musik_und_Theater_%E2%80%9EFelix_Mendelssohn_Bartholdy%E2%80%9C_Leipzig;2012/13 (WS)
http://www.htwk-leipzig.de/;Hochschule für Technik, Wirtschaft und Kultur Leipzig;SN;staatlich;nein;1992;6277;AS680;/wiki/Hochschule_f%C3%BCr_Technik,_Wirtschaft_und_Kultur_Leipzig;2012/13 (WS)
http://www.hft-leipzig.de/;Hochschule für Telekommunikation Leipzig;SN;privat;nein;1991;1004;AS3320;/wiki/Hochschule_f%C3%BCr_Telekommunikation_Leipzig;2012/13 (WS)
http://www.uni-leipzig.de/;Universität Leipzig;SN;staatlich;ja;1409;26772;AS680;/wiki/Universit%C3%A4t_Leipzig;2012/13 (WS)
http://www.hs-owl.de/;Hochschule Ostwestfalen-Lippe;NW;staatlich;nein;1971;6361;AS680;/wiki/Hochschule_Ostwestfalen-Lippe;2012/13 (WS)
http://www.ihl.eu/;Internationale Hochschule Liebenzell;BW;konfessionell;nein;2011;69;AS20773;/wiki/Internationale_Hochschule_Liebenzell;2012/13 (WS)
http://www.adk-bw.de/;Akademie für Darstellende Kunst Baden-Württemberg;BW;staatlich;nein;2007;55;AS45031;/wiki/Akademie_f%C3%BCr_Darstellende_Kunst_Baden-W%C3%BCrttemberg;2013/14 (WS)
http://www.filmakademie.de/;Filmakademie Baden-Württemberg;BW;staatlich;nein;1991;500;AS553;/wiki/Filmakademie_Baden-W%C3%BCrttemberg;2014
http://www.eh-ludwigsburg.de/;Evangelische Hochschule Ludwigsburg;BW;konfessionell;nein;1971;1028;AS34172;/wiki/Evangelische_Hochschule_Ludwigsburg;2012/13 (WS)
http://www.hs-ludwigsburg.de/;Hochschule für öffentliche Verwaltung und Finanzen Ludwigsburg;BW;staatlich;nein;1999;1902;AS553;/wiki/Hochschule_f%C3%BCr_%C3%B6ffentliche_Verwaltung_und_Finanzen_Ludwigsburg;2012/13 (WS)
http://www.ph-ludwigsburg.de/;Pädagogische Hochschule Ludwigsburg;BW;staatlich;ja;1962;5620;AS553;/wiki/P%C3%A4dagogische_Hochschule_Ludwigsburg;2012/13 (WS)
http://www.hs-lu.de/;Hochschule Ludwigshafen am Rhein;RP;staatlich;nein;1965;4287;AS2857;/wiki/Hochschule_Ludwigshafen_am_Rhein;2012/13 (WS)
http://www.fh-luebeck.de/;Fachhochschule Lübeck;SH;staatlich;nein;1969;4339;AS680;/wiki/Fachhochschule_L%C3%BCbeck;2012/13 (WS)
http://www.leuphana.de/;Leuphana Universität Lüneburg;NI;staatlich;ja;1946;9076;AS680;/wiki/Leuphana_Universit%C3%A4t_L%C3%BCneburg;2014/15 (WS)
http://www.mh-luebeck.de/;Musikhochschule Lübeck;SH;staatlich;nein;1973;369;AS680;/wiki/Musikhochschule_L%C3%BCbeck;2012/13 (WS)
http://www.uni-luebeck.de/;Universität zu Lübeck;SH;staatlich;ja;1964;3345;AS680;/wiki/Universit%C3%A4t_zu_L%C3%BCbeck;2012/13 (WS)
http://www.ovgu.de/;Otto-von-Guericke-Universität Magdeburg;ST;staatlich;ja;1993;14427;AS680;/wiki/Otto-von-Guericke-Universit%C3%A4t_Magdeburg;2015/16 (WS)
http://www.hs-magdeburg.de/;Hochschule Magdeburg-Stendal;ST;staatlich;nein;1991;6674;AS680;/wiki/Hochschule_Magdeburg-Stendal;2012/13 (WS)
http://www.hs-mainz.de/;Hochschule Mainz;RP;staatlich;nein;1971;4773;AS2857;/wiki/Hochschule_Mainz;2012/13 (WS)
http://www.kh-mz.de/;Katholische Hochschule Mainz;RP;konfessionell;nein;1972;1089;AS3320;/wiki/Katholische_Hochschule_Mainz;2012/13 (WS)
http://www.uni-mainz.de/;Johannes Gutenberg-Universität Mainz;RP;staatlich;ja;1477/1946;33132;AS2857;/wiki/Johannes_Gutenberg-Universit%C3%A4t_Mainz;2015/16 (WS)
http://www.hdba.de/;Hochschule der Bundesagentur für Arbeit;BW;staatlich;nein;2006;849;AS61157;/wiki/Hochschule_der_Bundesagentur_f%C3%BCr_Arbeit;2012/13 (WS)
http://www.hdwm.de/;Hochschule der Wirtschaft für Management;BW;privat;nein;2010;238;AS6724;/wiki/Hochschule_der_Wirtschaft_f%C3%BCr_Management;2012/13 (WS)
http://www.muho-mannheim.de/;Hochschule für Musik und Darstellende Kunst Mannheim;BW;staatlich;ja;1971;642;AS553;/wiki/Hochschule_f%C3%BCr_Musik_und_Darstellende_Kunst_Mannheim;2012/13 (WS)
http://www.hs-mannheim.de/;Hochschule Mannheim;BW;staatlich;nein;1898;5106;AS553;/wiki/Hochschule_Mannheim;2012/13 (WS)
http://www.popakademie.de/;Popakademie Baden-Württemberg;BW;privat;nein;2003;250;AS12586;/wiki/Popakademie_Baden-W%C3%BCrttemberg;2011
http://www.uni-mannheim.de/;Universität Mannheim;BW;staatlich;ja;1967;11882;AS553;/wiki/Universit%C3%A4t_Mannheim;2012/13 (WS)
http://www.archivschule.de/;Archivschule Marburg;HE;staatlich;nein;1949;49;AS45031;/wiki/Archivschule_Marburg;2012/13 (WS)
http://www.eh-tabor.de/;Evangelische Hochschule Tabor;HE;konfessionell;nein;"1909; FH seit 2009";87;AS8391;/wiki/Evangelische_Hochschule_Tabor;2012/13 (WS)
http://www.uni-marburg.de/;Philipps-Universität Marburg;HE;staatlich;ja;1527;26497;AS680;/wiki/Philipps-Universit%C3%A4t_Marburg;2016/17 (WS)
http://www.hoev-rlp.de/;Hochschule für öffentliche Verwaltung Rheinland-Pfalz;RP;staatlich;ja;1981;1692;AS8560;/wiki/Hochschule_f%C3%BCr_%C3%B6ffentliche_Verwaltung_Rheinland-Pfalz;2012/13 (WS)
http://www.fhsv.sachsen.de/;Fachhochschule für öffentliche Verwaltung und Rechtspflege Meißen;SN;staatlich;nein;1992;648;AS3320;/wiki/Fachhochschule_f%C3%BCr_%C3%B6ffentliche_Verwaltung_und_Rechtspflege_Mei%C3%9Fen;2012/13 (WS)
http://hs-merseburg.de/;Hochschule Merseburg;ST;staatlich;nein;1992;2727;AS680;/wiki/Hochschule_Merseburg;2012/13 (WS)
http://www.hs-mittweida.de/;Hochschule Mittweida;SN;staatlich;nein;1867;7057;AS680;/wiki/Hochschule_Mittweida;2016 (SS)
http://www.eh-moritzburg.de/;Evangelische Hochschule Moritzburg;SN;konfessionell;nein;1872;93;AS20773;/wiki/Evangelische_Hochschule_Moritzburg;2012/13 (WS)
http://hochschule-ruhr-west.de/;Hochschule Ruhr West;NW;staatlich;nein;2009;4400;AS15817;/wiki/Hochschule_Ruhr_West;2015/16 (WS)
http://www.adbk.de/;Akademie der Bildenden Künste München;BY;staatlich;nein;1808;676;AS34788;/wiki/Akademie_der_Bildenden_K%C3%BCnste_M%C3%BCnchen;2012/13 (WS)
http://www.sdi-muenchen.de/hochschule;Hochschule für Angewandte Sprachen München;BY;privat;nein;2006;371;AS20773;/wiki/Hochschule_f%C3%BCr_Angewandte_Sprachen_M%C3%BCnchen;2012/13 (WS)
http://www.hm.edu/;Hochschule für angewandte Wissenschaften München;BY;staatlich;nein;1971;17191;AS12816;/wiki/Hochschule_f%C3%BCr_angewandte_Wissenschaften_M%C3%BCnchen;2012/13 (WS)
http://www.hff-muc.de/;Hochschule für Fernsehen und Film München;BY;staatlich;nein;1966;381;AS34953;/wiki/Hochschule_f%C3%BCr_Fernsehen_und_Film_M%C3%BCnchen;2012/13 (WS)
http://website.musikhochschule-muenchen.de/;Hochschule für Musik und Theater München;BY;staatlich;ja;1846;1033;AS12816;/wiki/Hochschule_f%C3%BCr_Musik_und_Theater_M%C3%BCnchen;2012/13 (WS)
http://www.hfph.de/;Hochschule für Philosophie München;BY;konfessionell;ja;1925;336;AS12816;/wiki/Hochschule_f%C3%BCr_Philosophie_M%C3%BCnchen;2012/13 (WS)
http://www.hfp.tum.de/;Hochschule für Politik München;BY;staatlich;ja;1950;525;AS12816;/wiki/Hochschule_f%C3%BCr_Politik_M%C3%BCnchen;2012/13 (WS)
http://www.hfoed.bayern.de/;Fachhochschule für öffentliche Verwaltung und Rechtspflege in Bayern;BY;staatlich;nein;1974;3824;AS3209;/wiki/Fachhochschule_f%C3%BCr_%C3%B6ffentliche_Verwaltung_und_Rechtspflege_in_Bayern;2012/13 (WS)
http://www.ksfh.de/;Katholische Stiftungsfachhochschule München;BY;konfessionell;nein;1971;2166;AS12816;/wiki/Katholische_Stiftungsfachhochschule_M%C3%BCnchen;2012/13 (WS)
http://www.uni-muenchen.de/;Ludwig-Maximilians-Universität München;BY;staatlich;ja;1472;51025;AS12816;/wiki/Ludwig-Maximilians-Universit%C3%A4t_M%C3%BCnchen;2015/16 (WS)
http://www.hochschule-macromedia.de/;Macromedia Hochschule für Medien und Kommunikation;BY;privat;nein;2007;2008;AS15598;/wiki/Macromedia_Hochschule_f%C3%BCr_Medien_und_Kommunikation;2012/13 (WS)
http://www.munich-business-school.de/;Munich Business School;BY;privat;nein;1991;518;AS33808;/wiki/Munich_Business_School;2012/13 (WS)
http://www.tum.de/;Technische Universität München;BY;staatlich;ja;1868;40124;AS12816;/wiki/Technische_Universit%C3%A4t_M%C3%BCnchen;2016/17 (WS)
http://www.ufu-muenchen.de/;Ukrainische Freie Universität München;BY;privat;ja;1921;149;AS3320;/wiki/Ukrainische_Freie_Universit%C3%A4t_M%C3%BCnchen;2007 (SS)
http://www.unibw.de/;Universität der Bundeswehr München;BY;staatlich;ja;1973;2944;AS680;/wiki/Universit%C3%A4t_der_Bundeswehr_M%C3%BCnchen;2012/13 (WS)
http://www.dhpol.de/;Deutsche Hochschule der Polizei;NW;staatlich;ja;2006;357;AS8881;/wiki/Deutsche_Hochschule_der_Polizei;2012/13 (WS)
http://www.fh-muenster.de/;Fachhochschule Münster;NW;staatlich;nein;1971;11686;AS680;/wiki/Fachhochschule_M%C3%BCnster;2012/13 (WS)
http://www.kunstakademie-muenster.de/;Kunstakademie Münster;NW;staatlich;ja;1971;332;AS61157;/wiki/Kunstakademie_M%C3%BCnster;2012/13 (WS)
http://www.pth-muenster.de/;Philosophisch-Theologische Hochschule Münster;NW;konfessionell;nein;1971;62;AS13237;/wiki/Philosophisch-Theologische_Hochschule_M%C3%BCnster;2012/13 (WS)
http://www.uni-muenster.de/;Westfälische Wilhelms-Universität;NW;staatlich;ja;1780;44692;AS680;/wiki/Westf%C3%A4lische_Wilhelms-Universit%C3%A4t;2016/17 (WS)
http://www.hs-neu-ulm.de/;Hochschule für angewandte Wissenschaften Neu-Ulm;BY;staatlich;nein;1994;3825;AS680;/wiki/Hochschule_f%C3%BCr_angewandte_Wissenschaften_Neu-Ulm;2014/2015 (WS)
http://www.hs-nb.de/;Hochschule Neubrandenburg;MV;staatlich;nein;1991;2086;AS680;/wiki/Hochschule_Neubrandenburg;2012/13 (WS)
http://www.augustana.de/;Augustana-Hochschule Neuendettelsau;BY;konfessionell;ja;1947;147;AS20773;/wiki/Augustana-Hochschule_Neuendettelsau;2012/13 (WS)
http://www.rfh-neuss.eu/;Rheinische Fachhochschule Neuss für Internationale Wirtschaft;NW;privat;nein;2009;177;AS20773;/wiki/Rheinische_Fachhochschule_Neuss_f%C3%BCr_Internationale_Wirtschaft;2012/13 (WS)
http://www.hs-niederrhein.de/;Hochschule Niederrhein;NW;staatlich;nein;1971;14511;AS680;/wiki/Hochschule_Niederrhein;2015/16 (WS)
http://www.hs-nordhausen.de/;Fachhochschule Nordhausen;TH;staatlich;nein;1997;2461;AS680;/wiki/Fachhochschule_Nordhausen;2012/13 (WS)
http://fhf-nordkirchen.de/;Fachhochschule für Finanzen Nordrhein-Westfalen;NW;staatlich;nein;1976;1464;AS3320;/wiki/Fachhochschule_f%C3%BCr_Finanzen_Nordrhein-Westfalen;2012/13 (WS)
http://www.adbk-nuernberg.de/;Akademie der Bildenden Künste Nürnberg;BY;staatlich;nein;1662;317;AS20773;/wiki/Akademie_der_Bildenden_K%C3%BCnste_N%C3%BCrnberg;2012/13 (WS)
http://www.evhn.de/;Evangelische Hochschule Nürnberg;BY;konfessionell;nein;1995;1197;AS8767;/wiki/Evangelische_Hochschule_N%C3%BCrnberg;2012/13 (WS)
http://www.hfm-nuernberg.de/;Hochschule für Musik Nürnberg;BY;staatlich;nein;1998;388;AS680;/wiki/Hochschule_f%C3%BCr_Musik_N%C3%BCrnberg;2012/13 (WS)
http://www.th-nuernberg.de/;Technische Hochschule Nürnberg Georg Simon Ohm;BY;staatlich;nein;1823;12234;AS680;/wiki/Technische_Hochschule_N%C3%BCrnberg_Georg_Simon_Ohm;2013/14 (WS)
http://www.hkt-nuertingen.de/;Hochschule für Kunsttherapie Nürtingen;BW;privat;nein;1987;289;AS20773;/wiki/Hochschule_f%C3%BCr_Kunsttherapie_N%C3%BCrtingen;2012/13 (WS)
http://www.hfwu.de/;Hochschule für Wirtschaft und Umwelt Nürtingen-Geislingen;BW;staatlich;nein;1949;4577;AS20773;/wiki/Hochschule_f%C3%BCr_Wirtschaft_und_Umwelt_N%C3%BCrtingen-Geislingen;2012/13 (WS)
http://www.lthh-oberursel.de/;Lutherische Theologische Hochschule Oberursel;HE;konfessionell;nein;1948;33;AS21413;/wiki/Lutherische_Theologische_Hochschule_Oberursel;2012/13 (WS)
http://www.hfg-offenbach.de/;Hochschule für Gestaltung Offenbach am Main;HE;staatlich;nein;1832;644;AS20773;/wiki/Hochschule_f%C3%BCr_Gestaltung_Offenbach_am_Main;2012/13 (WS)
http://www.hs-offenburg.de/;Hochschule Offenburg;BW;staatlich;nein;1964;4096;AS553;/wiki/Hochschule_Offenburg;2012/13 (WS)
http://www.uni-oldenburg.de/;Carl von Ossietzky Universität Oldenburg;NI;staatlich;ja;1973;13673;AS680;/wiki/Carl_von_Ossietzky_Universit%C3%A4t_Oldenburg;2016 (SS)
http://www.fhpolbb.de/;Fachhochschule der Polizei des Landes Brandenburg;BB;staatlich;nein;1998;268;AS6724;/wiki/Fachhochschule_der_Polizei_des_Landes_Brandenburg;2012/13 (WS)
http://www.hs-osnabrueck.de/;Hochschule Osnabrück;NI;staatlich;nein;1971;13552;AS680;/wiki/Hochschule_Osnabr%C3%BCck;2015/16 (WS)
http://www.uni-osnabrueck.de/;Universität Osnabrück;NI;staatlich;ja;1974;14106;AS680;/wiki/Universit%C3%A4t_Osnabr%C3%BCck;2016/17 (WS)
http://www.hks-ottersberg.de/;Hochschule für Künste im Sozialen Ottersberg;NI;privat;nein;1967;431;AS8560;/wiki/Hochschule_f%C3%BCr_K%C3%BCnste_im_Sozialen_Ottersberg;2012/13 (WS)
http://www.fhdw.de/;Fachhochschule der Wirtschaft;NW;privat;nein;1992;1874;AS15817;/wiki/Fachhochschule_der_Wirtschaft;2012/13 (WS)
http://www.thf-paderborn.de/;Theologische Fakultät Paderborn;NW;konfessionell;ja;1614;92;AS34372;/wiki/Theologische_Fakult%C3%A4t_Paderborn;2012/13 (WS)
http://www.uni-paderborn.de/;Universität Paderborn;NW;staatlich;ja;1972;20316;AS680;/wiki/Universit%C3%A4t_Paderborn;2015/16 (WS)
http://www.uni-passau.de/;Universität Passau;BY;staatlich;ja;1978;12087;AS680;/wiki/Universit%C3%A4t_Passau;2015/16 (WS)
http://www.hs-pforzheim.de/;Hochschule Pforzheim;BW;staatlich;nein;1877;5442;AS553;/wiki/Hochschule_Pforzheim;2012/13 (WS)
http://sportfh-esab.eu/;Fachhochschule für Sport & Management Potsdam;BB;privat;nein;2009;119;AS6724;/wiki/Fachhochschule_f%C3%BCr_Sport_%26_Management_Potsdam;2012/13 (WS)
http://www.fh-potsdam.de/;Fachhochschule Potsdam;BB;staatlich;nein;1991;3283;AS25394;/wiki/Fachhochschule_Potsdam;2012/13 (WS)
http://www.filmuniversitaet.de/;Filmuniversität Babelsberg;BB;staatlich;ja;1954;566;AS680;/wiki/Filmuniversit%C3%A4t_Babelsberg;2012/13 (WS)
http://www.uni-potsdam.de/;Universität Potsdam;BB;staatlich;ja;1991;19972;AS680;/wiki/Universit%C3%A4t_Potsdam;2013/14 (WS)
http://www.hs-weingarten.de/;Hochschule Ravensburg-Weingarten;BW;staatlich;nein;1964;3287;AS553;/wiki/Hochschule_Ravensburg-Weingarten;2012/13 (WS)
http://www.hfkm-regensburg.de/;Hochschule für Katholische Kirchenmusik und Musikpädagogik Regensburg;BY;konfessionell;nein;2001;90;AS61157;/wiki/Hochschule_f%C3%BCr_Katholische_Kirchenmusik_und_Musikp%C3%A4dagogik_Regensburg;2012/13 (WS)
http://www.uni-regensburg.de/;Universität Regensburg;BY;staatlich;ja;1962;21558;AS680;/wiki/Universit%C3%A4t_Regensburg;2015/16 (WS)
http://www.oth-regensburg.de/;Ostbayerische Technische Hochschule Regensburg;BY;staatlich;ja;1971;11;AS680;/wiki/Ostbayerische_Technische_Hochschule_Regensburg;2015/16 (WS)
http://www.reutlingen-university.de/;Hochschule Reutlingen;BW;staatlich;nein;1855;5091;AS553;/wiki/Hochschule_Reutlingen;2012/13 (WS)
http://www.th-reutlingen.de/;Theologische Hochschule Reutlingen;BW;konfessionell;nein;1877;59;AS34788;/wiki/Theologische_Hochschule_Reutlingen;2012/13 (WS)
http://www.praxishochschule.de/;Mathias Hochschule Rheine;NW;privat;nein;2009;255;AS34788;/wiki/Mathias_Hochschule_Rheine;2012/13 (WS)
http://www.mobile-university.de/;SRH Fernhochschule Riedlingen;BW;privat;nein;1996;1966;AS8075;/wiki/SRH_Fernhochschule_Riedlingen;2012/13 (WS)
http://www.fh-rosenheim.de/;Hochschule Rosenheim;BY;staatlich;nein;1971;4062;AS680;/wiki/Hochschule_Rosenheim;2012/13 (WS)
http://www.hmt-rostock.de/;Hochschule für Musik und Theater Rostock;MV;staatlich;ja;1994;555;AS680;/wiki/Hochschule_f%C3%BCr_Musik_und_Theater_Rostock;2012/13 (WS)
http://uni-rostock.de/;Universität Rostock;MV;staatlich;ja;1419;15063;AS680;/wiki/Universit%C3%A4t_Rostock;2012/13 (WS)
http://www.studienzentrum-rotenburg.de/;Hessische Hochschule für Finanzen und Rechtspflege;HE;staatlich;nein;1980;879;AS29515;/wiki/Hessische_Hochschule_f%C3%BCr_Finanzen_und_Rechtspflege;2012/13 (WS)
http://www.polizei.sachsen.de/de/polfh.htm;Hochschule der Sächsischen Polizei (FH);SN;staatlich;nein;1994;374;AS3320;/wiki/Hochschule_der_S%C3%A4chsischen_Polizei_(FH);2012/13 (WS)
http://www.hs-rottenburg.net/;Hochschule für Forstwirtschaft Rottenburg;BW;staatlich;nein;"1954; FH seit 1979";1;AS24940;/wiki/Hochschule_f%C3%BCr_Forstwirtschaft_Rottenburg;2014/15 (WS)
http://www.kirchenmusik-hochschule.org/;Katholische Hochschule für Kirchenmusik Rottenburg;BW;konfessionell;nein;1997;40;AS15817;/wiki/Katholische_Hochschule_f%C3%BCr_Kirchenmusik_Rottenburg;2010/11 (WS)
http://www.dhfpg.de/;Deutsche Hochschule für Prävention und Gesundheitsmanagement;SL;privat;nein;2002;3421;AS680;/wiki/Deutsche_Hochschule_f%C3%BCr_Pr%C3%A4vention_und_Gesundheitsmanagement;2012/13 (WS)
http://www.saarland.de/fhsv.htm;Fachhochschule für Verwaltung des Saarlandes;SL;staatlich;nein;1980;458;AS9063;/wiki/Fachhochschule_f%C3%BCr_Verwaltung_des_Saarlandes;2012/13 (WS)
http://www.hbksaar.de/;Hochschule der Bildenden Künste Saar;SL;staatlich;nein;1989;397;AS15817;/wiki/Hochschule_der_Bildenden_K%C3%BCnste_Saar;2012/13 (WS)
http://www.hfm.saarland.de/;Hochschule für Musik Saar;SL;staatlich;ja;1947;445;AS9063;/wiki/Hochschule_f%C3%BCr_Musik_Saar;2012/13 (WS)
http://www.htwsaar.de/;Hochschule für Technik und Wirtschaft des Saarlandes;SL;staatlich;nein;1807;5575;AS680;/wiki/Hochschule_f%C3%BCr_Technik_und_Wirtschaft_des_Saarlandes;2012/13 (WS)
http://www.uni-saarland.de/;Universität des Saarlandes;SL;staatlich;ja;1948;17966;AS680;/wiki/Universit%C3%A4t_des_Saarlandes;2012/13 (WS)
http://www.hs-schmalkalden.de/;Fachhochschule Schmalkalden;TH;staatlich;nein;1991;2836;AS680;/wiki/Fachhochschule_Schmalkalden;2012/13 (WS)
http://www.hfg-gmuend.de/;Hochschule für Gestaltung Schwäbisch Gmünd;BW;staatlich;nein;1776;642;AS61157;/wiki/Hochschule_f%C3%BCr_Gestaltung_Schw%C3%A4bisch_Gm%C3%BCnd;2012/13 (WS)
http://www.hfr-schwetzingen.de/;Fachhochschule Schwetzingen;BW;staatlich;nein;1953;436;AS8469;/wiki/Fachhochschule_Schwetzingen;2012/13 (WS)
http://www.ph-gmuend.de/;Pädagogische Hochschule Schwäbisch Gmünd;BW;staatlich;ja;1825;2691;AS20773;/wiki/P%C3%A4dagogische_Hochschule_Schw%C3%A4bisch_Gm%C3%BCnd;2012/13 (WS)
http://www.uni-siegen.de/;Universität Siegen;NW;staatlich;ja;1972;19785;AS680;/wiki/Universit%C3%A4t_Siegen;2013/14 (WS)
http://www.uni-speyer.de/;Deutsche Universität für Verwaltungswissenschaften Speyer;RP;staatlich;ja;1947;336;AS2857;/wiki/Deutsche_Universit%C3%A4t_f%C3%BCr_Verwaltungswissenschaften_Speyer;2012/13 (WS)
http://www.pth-augustin.eu/;Philosophisch-Theologische Hochschule SVD St. Augustin;NW;konfessionell;ja;1925;104;AS20773;/wiki/Philosophisch-Theologische_Hochschule_SVD_St._Augustin;2012/13 (WS)
http://www.fh-stralsund.de/;Fachhochschule Stralsund;MV;staatlich;nein;1991;2453;AS680;/wiki/Fachhochschule_Stralsund;2012/13 (WS)
http://www.akad.de/;AKAD Bildungsgesellschaft;BW;privat;nein;1959;5207;AS15817;/wiki/AKAD_Bildungsgesellschaft;2012/13 (WS)
http://www.dhbw.de/;Duale Hochschule Baden-Württemberg;BW;staatlich;nein;1974/2009;34390;AS553;/wiki/Duale_Hochschule_Baden-W%C3%BCrttemberg;2015
http://www.freie-hochschule-stuttgart.de/;Freie Hochschule Stuttgart;BW;privat;nein;1928;300;AS20773;/wiki/Freie_Hochschule_Stuttgart;2012/13 (WS)
http://www.hdm-stuttgart.de/;Hochschule der Medien;BW;staatlich;nein;2001;4085;AS553;/wiki/Hochschule_der_Medien;2012/13 (WS)
http://www.hmdk-stuttgart.de/;Hochschule für Musik und Darstellende Kunst Stuttgart;BW;staatlich;ja;1857;718;AS553;/wiki/Hochschule_f%C3%BCr_Musik_und_Darstellende_Kunst_Stuttgart;2012/13 (WS)
http://www.hft-stuttgart.de/;Hochschule für Technik Stuttgart;BW;staatlich;nein;1971;3738;AS553;/wiki/Hochschule_f%C3%BCr_Technik_Stuttgart;2012/13 (WS)
http://www.merz-akademie.de/;Merz Akademie;BW;privat;nein;1918;250;AS8881;/wiki/Merz_Akademie;2012/13 (WS)
http://www.abk-stuttgart.de/;Staatliche Akademie der Bildenden Künste Stuttgart;BW;staatlich;ja;1761;760;AS553;/wiki/Staatliche_Akademie_der_Bildenden_K%C3%BCnste_Stuttgart;2012/13 (WS)
http://vwa-hochschule.de/;VWA Hochschule für berufsbegleitendes Studium Stuttgart;BW;privat;nein;2013;160;AS16276;/wiki/VWA_Hochschule;2013/14 (WS)
http://www.uni-hohenheim.de/;Universität Hohenheim;BW;staatlich;ja;1818;9283;AS553;/wiki/Universit%C3%A4t_Hohenheim;2012/13 (WS)
http://www.uni-stuttgart.de/;Universität Stuttgart;BW;staatlich;ja;1829;28;AS553;/wiki/Universit%C3%A4t_Stuttgart;2015/16 (WS)
http://www.hochschule-trier.de/;Hochschule Trier;RP;staatlich;nein;1996;7321;AS2857;/wiki/Hochschule_Trier;2012/13 (WS)
http://www.theo.uni-trier.de/;Theologische Fakultät Trier;RP;staatlich;ja;1950;390;AS2857;/wiki/Theologische_Fakult%C3%A4t_Trier;2012/13 (WS)
http://www.uni-trier.de/;Universität Trier;RP;staatlich;ja;1473/1970;15074;AS2857;/wiki/Universit%C3%A4t_Trier;2012/13 (WS)
http://www.mh-trossingen.de/;Hochschule für Musik Trossingen;BW;staatlich;ja;1944;472;AS20773;/wiki/Hochschule_f%C3%BCr_Musik_Trossingen;2012/13 (WS)
http://www.uni-tuebingen.de/;Eberhard Karls Universität Tübingen;BW;staatlich;ja;1477;28385;AS680;/wiki/Eberhard_Karls_Universit%C3%A4t_T%C3%BCbingen;2015/16 (WS)
http://www.kirchenmusikhochschule.de/;Evangelische Hochschule für Kirchenmusik Tübingen;BW;konfessionell;nein;1998;0;AS24940;/wiki/Evangelische_Hochschule_f%C3%BCr_Kirchenmusik_T%C3%BCbingen;
http://www.hs-ulm.de/;Hochschule Ulm;BW;staatlich;nein;1971;4018;AS553;/wiki/Hochschule_Ulm;2012/13 (WS)
http://www.uni-ulm.de/;Universität Ulm;BW;staatlich;ja;1967;10747;AS553;/wiki/Universit%C3%A4t_Ulm;2016/17 (WS)
http://www.pthv.de/;Philosophisch-Theologische Hochschule Vallendar;RP;konfessionell;ja;1896;224;AS15817;/wiki/Philosophisch-Theologische_Hochschule_Vallendar;2012/13 (WS)
http://www.whu.edu/;WHU – Otto Beisheim School of Management;RP;privat;ja;1984;932;AS197540;/wiki/WHU_%E2%80%93_Otto_Beisheim_School_of_Management;2012/13 (WS)
http://www.phwt.de/;Fachhochschule für Wirtschaft und Technik Vechta/Diepholz/Oldenburg;NI;privat;nein;1998;700;AS3320;/wiki/Fachhochschule_f%C3%BCr_Wirtschaft_und_Technik_Vechta/Diepholz/Oldenburg;2012/13 (WS)
http://www.uni-vechta.de/;Universität Vechta;NI;staatlich;ja;1995;5286;AS680;/wiki/Universit%C3%A4t_Vechta;2015/16 (WS)
http://www.hfpol-bw.de/;Hochschule für Polizei Baden-Württemberg;BW;staatlich;nein;1979;1251;AS553;/wiki/Hochschule_f%C3%BCr_Polizei_Baden-W%C3%BCrttemberg;2012/13 (WS)
http://www.fh-wedel.de/;Fachhochschule Wedel;SH;privat;nein;1969;957;AS6805;/wiki/Fachhochschule_Wedel;2012/13 (WS)
http://www.hswt.de/;Hochschule Weihenstephan-Triesdorf;BY;staatlich;nein;1971;6407;AS12816;/wiki/Hochschule_Weihenstephan-Triesdorf;2014/15 (WS)
http://siewerth-akademie.de/;Gustav-Siewerth-Akademie;BW;privat;nein;1970;13;AS8560;/wiki/Gustav-Siewerth-Akademie;2012/13 (WS)
http://www.uni-weimar.de/;Bauhaus-Universität Weimar;TH;staatlich;ja;1860;4172;AS680;/wiki/Bauhaus-Universit%C3%A4t_Weimar;2012/13 (WS)
http://www.hfm-weimar.de/;Hochschule für Musik Franz Liszt Weimar;TH;staatlich;ja;1872;828;AS680;/wiki/Hochschule_f%C3%BCr_Musik_Franz_Liszt_Weimar;2012/13 (WS)
http://www.ph-weingarten.de/;Pädagogische Hochschule Weingarten;BW;staatlich;ja;1949;3266;AS553;/wiki/P%C3%A4dagogische_Hochschule_Weingarten;2012/13 (WS)
http://www.hs-harz.de/;Hochschule Harz;ST;staatlich;nein;1991;3182;AS680;/wiki/Hochschule_Harz;2012/13 (WS)
http://www.ebs.edu/;EBS Universität für Wirtschaft und Recht;HE;privat;ja;1971;1791;AS20773;/wiki/EBS_Universit%C3%A4t_f%C3%BCr_Wirtschaft_und_Recht;2012/13 (WS)
http://www.hfpv.de/;Hessische Hochschule für Polizei und Verwaltung;HE;staatlich;nein;1980;2692;AS197540;/wiki/Hessische_Hochschule_f%C3%BCr_Polizei_und_Verwaltung;2012/13 (WS)
http://www.hs-rm.de/;Hochschule RheinMain;HE;staatlich;nein;1971;10322;AS50595;/wiki/Hochschule_RheinMain;2012/13 (WS)
http://www.wb-fernstudium.de/;Wilhelm Büchner Hochschule;HE;privat;nein;1997;5804;AS20773;/wiki/Wilhelm_B%C3%BCchner_Hochschule;2012/13 (WS)
http://www.th-wildau.de/;Technische Hochschule Wildau (FH);BB;staatlich;nein;1991;4152;AS680;/wiki/Technische_Hochschule_Wildau_(FH);2012/13 (WS)
http://www.jade-hs.de/;Jade Hochschule;NI;staatlich;nein;2009;6434;AS680;/wiki/Jade_Hochschule;2012/13 (WS)
http://www.hs-wismar.de/;Hochschule Wismar;MV;staatlich;nein;1908;7379;AS680;/wiki/Hochschule_Wismar;2012/13 (WS)
http://www.uni-wh.de/;Universität Witten/Herdecke;NW;privat;ja;1982;2317;AS680;/wiki/Universit%C3%A4t_Witten/Herdecke;2012/13 (WS)
http://ostfalia.de/;Ostfalia Hochschule für angewandte Wissenschaften;NI;staatlich;nein;1971;11042;AS680;/wiki/Ostfalia_Hochschule_f%C3%BCr_angewandte_Wissenschaften;2012/13 (WS)
http://www.hs-worms.de/;Hochschule Worms;RP;staatlich;nein;1978;3126;AS8450;/wiki/Hochschule_Worms;2012/13 (WS)
http://www.uni-wuppertal.de/;Bergische Universität Wuppertal;NW;staatlich;ja;1972;21916;AS680;/wiki/Bergische_Universit%C3%A4t_Wuppertal;2015/16 (WS)
http://www.kiho-wb.de/;Kirchliche Hochschule Wuppertal/Bethel;NW;konfessionell;ja;1905;129;AS5539;/wiki/Kirchliche_Hochschule_Wuppertal/Bethel;2014 (SS)
http://www.fhws.de/;Hochschule für angewandte Wissenschaften Würzburg-Schweinfurt;BY;staatlich;nein;1971;8833;AS680;/wiki/Hochschule_f%C3%BCr_angewandte_Wissenschaften_W%C3%BCrzburg-Schweinfurt;2012/13 (WS)
http://www.hfm-wuerzburg.de/;Hochschule für Musik Würzburg;BY;staatlich;ja;1797;632;AS20773;/wiki/Hochschule_f%C3%BCr_Musik_W%C3%BCrzburg;2012/13 (WS)
http://www.uni-wuerzburg.de/;Julius-Maximilians-Universität Würzburg;BY;staatlich;ja;1402/1582;27995;AS680;/wiki/Julius-Maximilians-Universit%C3%A4t_W%C3%BCrzburg;2014/15 (WS)
http://www.hszg.de/;Hochschule Zittau/Görlitz;SN;staatlich;nein;1992;3342;AS680;/wiki/Hochschule_Zittau/G%C3%B6rlitz;2012/13 (WS)
http://www.dpfa-hs.de/;DPFA Hochschule Sachsen;SN;privat;nein;2012;27;AS24940;/wiki/DPFA_Hochschule_Sachsen;2012/13 (WS)
http://www.nbs.de/;NBS Northern Business School – Hochschule für Management und Sicherheit;HH;privat;nein;2013;430;AS6724;/wiki/NBS_Northern_Business_School_%E2%80%93_Hochschule_f%C3%BCr_Management_und_Sicherheit;2016 (SS)
http://www.fh-zwickau.de/;Westsächsische Hochschule Zwickau;SN;staatlich;nein;1992;4880;AS680;/wiki/Wests%C3%A4chsische_Hochschule_Zwickau;2012/13 (WS)
